{
  "swagger" : "2.0",
  "info" : {
    "description" : "PostReaderAPI API Gateway\nAPI for PostReader Application",
    "version" : "2025-10-18T05:10:06Z",
    "title" : "PostReaderAPI"
  },
  "host" : "jv93yucrk5.execute-api.us-east-1.amazonaws.com",
  "basePath" : "/prod",
  "schemes" : [ "https" ],
  "paths" : {
    "/" : {
      "get" : {
        "consumes" : [ "application/json" ],
        "produces" : [ "application/json" ],
        "parameters" : [ {
          "name" : "postId",
          "in" : "query",
          "required" : false,
          "type" : "string"
        } ],
        "responses" : {
          "200" : {
            "description" : "200 response",
            "schema" : {
              "$ref" : "#/definitions/Empty"
            },
            "headers" : {
              "Access-Control-Allow-Origin" : {
                "type" : "string"
              }
            }
          }
        },
        "x-amazon-apigateway-integration" : {
          "uri" : "arn:aws:apigateway:us-east-1:lambda:path/2015-03-31/functions/arn:aws:lambda:us-east-1:706769905020:function:get_audio_post/invocations",
          "httpMethod" : "POST",
          "responses" : {
            "default" : {
              "statusCode" : "200",
              "responseParameters" : {
                "method.response.header.Access-Control-Allow-Origin" : "'*'"
              }
            }
          },
          "requestTemplates" : {
            "application/json" : "{\n    \"postId\" : \"$input.params('postId')\"\n}\n"
          },
          "passthroughBehavior" : "when_no_templates",
          "timeoutInMillis" : 29000,
          "contentHandling" : "CONVERT_TO_TEXT",
          "type" : "aws"
        }
      },
      "post" : {
        "produces" : [ "application/json" ],
        "responses" : {
          "200" : {
            "description" : "200 response",
            "schema" : {
              "$ref" : "#/definitions/Empty"
            },
            "headers" : {
              "Access-Control-Allow-Origin" : {
                "type" : "string"
              }
            }
          }
        },
        "x-amazon-apigateway-integration" : {
          "uri" : "arn:aws:apigateway:us-east-1:lambda:path/2015-03-31/functions/arn:aws:lambda:us-east-1:706769905020:function:PostReader_NewPost/invocations",
          "httpMethod" : "POST",
          "responses" : {
            "default" : {
              "statusCode" : "200",
              "responseParameters" : {
                "method.response.header.Access-Control-Allow-Origin" : "'*'"
              }
            }
          },
          "passthroughBehavior" : "when_no_match",
          "timeoutInMillis" : 29000,
          "contentHandling" : "CONVERT_TO_TEXT",
          "type" : "aws"
        }
      },
      "options" : {
        "consumes" : [ "application/json" ],
        "produces" : [ "application/json" ],
        "responses" : {
          "200" : {
            "description" : "200 response",
            "schema" : {
              "$ref" : "#/definitions/Empty"
            },
            "headers" : {
              "Access-Control-Allow-Origin" : {
                "type" : "string"
              },
              "Access-Control-Allow-Methods" : {
                "type" : "string"
              },
              "Access-Control-Allow-Headers" : {
                "type" : "string"
              }
            }
          }
        },
        "x-amazon-apigateway-integration" : {
          "responses" : {
            "default" : {
              "statusCode" : "200",
              "responseParameters" : {
                "method.response.header.Access-Control-Allow-Methods" : "'GET,OPTIONS,POST'",
                "method.response.header.Access-Control-Allow-Headers" : "'Content-Type,X-Amz-Date,Authorization,X-Api-Key,X-Amz-Security-Token'",
                "method.response.header.Access-Control-Allow-Origin" : "'*'"
              }
            }
          },
          "requestTemplates" : {
            "application/json" : "{\"statusCode\": 200}"
          },
          "passthroughBehavior" : "when_no_match",
          "type" : "mock"
        }
      }
    }
  },
  "definitions" : {
    "Empty" : {
      "type" : "object",
      "title" : "Empty Schema"
    }
  },
  "x-amazon-apigateway-gateway-responses" : {
    "DEFAULT_4XX" : {
      "responseParameters" : {
        "gatewayresponse.header.Access-Control-Allow-Methods" : "'GET,OPTIONS,POST'",
        "gatewayresponse.header.Access-Control-Allow-Origin" : "'*'",
        "gatewayresponse.header.Access-Control-Allow-Headers" : "'Content-Type,X-Amz-Date,Authorization,X-Api-Key,X-Amz-Security-Token'"
      }
    },
    "DEFAULT_5XX" : {
      "responseParameters" : {
        "gatewayresponse.header.Access-Control-Allow-Methods" : "'GET,OPTIONS,POST'",
        "gatewayresponse.header.Access-Control-Allow-Origin" : "'*'",
        "gatewayresponse.header.Access-Control-Allow-Headers" : "'Content-Type,X-Amz-Date,Authorization,X-Api-Key,X-Amz-Security-Token'"
      }
    }
  }
}